{"cameraMode":{"drawMode":0,"name":"Shaded","section":"Shading Mode"},"sceneLighting":true,"audioPlay":false,"sceneViewState":{"showFog":false,"showMaterialUpdate":false,"showSkybox":false,"showFlares":false,"showImageEffects":false,"showParticleSystems":false},"in2DMode":false,"pivot":{"x":3.863537073135376,"y":-4.555681228637695,"z":1.862539291381836},"rotation":{"x":0.000785726762842387,"y":0.9711189270019531,"z":-0.23857325315475465,"w":0.0032016700133681299},"size":21.37225341796875,"orthographic":false}