{"cameraMode":{"drawMode":0,"name":"Shaded","section":"Shading Mode"},"sceneLighting":true,"audioPlay":false,"sceneViewState":{"showFog":false,"showMaterialUpdate":false,"showSkybox":false,"showFlares":false,"showImageEffects":false,"showParticleSystems":false},"in2DMode":false,"pivot":{"x":-0.809830904006958,"y":1.9104115962982178,"z":-1.4083127975463868},"rotation":{"x":0.0042863162234425549,"y":-0.8203619122505188,"z":0.006154720205813646,"w":0.5717955827713013},"size":2.585005044937134,"orthographic":false}