{"cameraMode":{"drawMode":0,"name":"Shaded","section":"Shading Mode"},"sceneLighting":true,"audioPlay":false,"sceneViewState":{"showFog":false,"showMaterialUpdate":false,"showSkybox":false,"showFlares":false,"showImageEffects":false,"showParticleSystems":false},"in2DMode":false,"pivot":{"x":-0.09137952327728272,"y":1.4133541584014893,"z":-0.1186671182513237},"rotation":{"x":0.291801780462265,"y":-0.11895967274904251,"z":0.03659990802407265,"w":0.9483463764190674},"size":3.329721689224243,"orthographic":false}