{"cameraMode":{"drawMode":0,"name":"Shaded","section":"Shading Mode"},"sceneLighting":true,"audioPlay":false,"sceneViewState":{"showFog":false,"showMaterialUpdate":false,"showSkybox":false,"showFlares":false,"showImageEffects":false,"showParticleSystems":false},"in2DMode":false,"pivot":{"x":1.404274344444275,"y":0.32274365425109866,"z":-0.6371357440948486},"rotation":{"x":-0.22779059410095216,"y":0.0035022974479943516,"z":-0.0008182848105207086,"w":-0.9737035632133484},"size":10.897177696228028,"orthographic":false}