{"cameraMode":{"drawMode":0,"name":"Shaded","section":"Shading Mode"},"sceneLighting":true,"audioPlay":false,"sceneViewState":{"showFog":false,"showMaterialUpdate":false,"showSkybox":false,"showFlares":false,"showImageEffects":false,"showParticleSystems":false},"in2DMode":false,"pivot":{"x":-0.13930165767669679,"y":1.1111714839935303,"z":-1.1868048906326295},"rotation":{"x":0.0528811551630497,"y":-0.8245100378990173,"z":0.07814888656139374,"w":0.5579243302345276},"size":2.297527313232422,"orthographic":false}