{"cameraMode":{"drawMode":0,"name":"Shaded","section":"Shading Mode"},"sceneLighting":true,"audioPlay":false,"sceneViewState":{"showFog":false,"showMaterialUpdate":false,"showSkybox":false,"showFlares":false,"showImageEffects":false,"showParticleSystems":false},"in2DMode":false,"pivot":{"x":-0.09137952327728272,"y":1.4133541584014893,"z":-0.1186671182513237},"rotation":{"x":-0.024256745353341104,"y":-0.5244219303131104,"z":-0.014952151104807854,"w":0.850981593132019},"size":6.528442859649658,"orthographic":false}