{"cameraMode":{"drawMode":0,"name":"Shaded","section":"Shading Mode"},"sceneLighting":true,"audioPlay":false,"sceneViewState":{"showFog":false,"showMaterialUpdate":false,"showSkybox":false,"showFlares":false,"showImageEffects":false,"showParticleSystems":false},"in2DMode":false,"pivot":{"x":0.8590986728668213,"y":3.315668821334839,"z":1.0918464660644532},"rotation":{"x":0.4060661792755127,"y":0.06843587011098862,"z":-0.030512211844325067,"w":0.9107666611671448},"size":18.751667022705079,"orthographic":false}