{"cameraMode":{"drawMode":0,"name":"Shaded","section":"Shading Mode"},"sceneLighting":true,"audioPlay":false,"sceneViewState":{"showFog":false,"showMaterialUpdate":false,"showSkybox":false,"showFlares":false,"showImageEffects":false,"showParticleSystems":false},"in2DMode":false,"pivot":{"x":3.3751626014709474,"y":0.7493062019348145,"z":-0.03226947784423828},"rotation":{"x":-0.5527506470680237,"y":-0.022262735292315484,"z":0.014775213785469532,"w":-0.8329182267189026},"size":7.908596515655518,"orthographic":false}