{"cameraMode":{"drawMode":0,"name":"Shaded","section":"Shading Mode"},"sceneLighting":true,"audioPlay":false,"sceneViewState":{"showFog":false,"showMaterialUpdate":false,"showSkybox":false,"showFlares":false,"showImageEffects":false,"showParticleSystems":false},"in2DMode":false,"pivot":{"x":1.2427091598510743,"y":2.399254322052002,"z":3.1619927883148195},"rotation":{"x":-0.2000865787267685,"y":0.0991196557879448,"z":-0.02035280503332615,"w":-0.9745391011238098},"size":13.130118370056153,"orthographic":false}